"sex","income2000","totalITPA_10","grade_6yr","highest_edu","len_of_edu","num_field","edu_field","age_start_highedu","qual_job","len_unemp","age_work","age1991","family.income"
"Female",16614.2761275739,NA,NA,NA,NA,NA,"Science",NA,NA,NA,NA,NA,NA
"Female",30036.0090350554,40,8.89999997615816,7,45,1,"Science",19,"Yes",0,25,27,NA
"Male",36505.189438471,41,7.5,5,23,1,"Science",20,"Yes",0,23,26,NA
"Female",4843.81228209152,43,8.5,NA,NA,NA,"Science",NA,NA,NA,NA,25,NA
"Male",11529.786922716,34,7.29999995231626,4,36,1,"Science",NA,"Yes",0,22,26,NA
"Male",8672.77861591428,40,8.5,7,36,1,"Science",19,"Yes",0,24,26,NA
"Male",NA,34,6.59999996423721,3,6,1,"Science",17,"Somewhat",3,19,27,19453.2883262442
"Female",23886.5538798432,29,NA,3,18,1,"Science",16,"Somewhat",0,18,27,NA
"Male",19309.8240249725,34,8.19999992847442,3,9,1,"Science",NA,"No",0,17,23,13526.1776098141
"Male",8945.91580848777,44,NA,5,36,2,"Science",NA,"No",0,24,26,23058.0601540938
"Female",15496.6673562372,32,7.69999998807905,3,19,2,"Science",NA,"No",3,18,24,NA
"Male",36810.4505249986,35,NA,3,9,1,"Science",NA,"Yes",1,21,24,NA
"Male",11770.1274696295,30,7.5,3,18,1,"Science",16,NA,3,18,26,15761.3951524876
"Female",13939.2471572036,23,NA,4,27,2,"Science",24,"No",3,NA,26,38304.8002516092
"Female",15308.6332544532,36,8.59999990463258,7,40,2,"Art",24,NA,0,NA,24,NA
"Female",15541.2371567495,29,8.09999990463258,3,27,1,"Science",19,"Yes",1,24,27,NA
"Female",17165.09,35,7.5,3,18,1,"Science",16,"Yes",0,19,24,25775.6406698589
"Female",16077.59,45,NA,NA,NA,NA,"Science",NA,NA,NA,NA,27,NA
"Male",17815.6424862885,35,NA,3,27,2,"Science",20,"Yes",0,23,23,NA
"Female",6686.47920440383,38,6.69999998807905,3,30,2,"Science",22,NA,3,21,27,20691.9924046332
"Female",10354.49,36,NA,3,27,1,"Science",16,"No",0,18,26,17776.11832357
"Female",16644.3817664105,27,6,3,18,1,"Science",16,"Yes",0,17,24,14954.7658571782
"Female",17999.4718899109,26,8.89999997615816,7,36,1,"Art",NA,NA,0,24,25,NA
"Female",15997.8673770925,35,7.5,3,32,2,"Science",20,"Yes",0,23,24,NA
"Male",16182.3695324207,34,NA,4,36,1,"Science",21,"Yes",0,25,27,NA
"Male",30981.8979334749,30,7.19999998807905,NA,NA,NA,"Science",NA,NA,NA,NA,26,16013.1724784005
"Female",25542.5322037832,46,9,7,45,1,"Art",NA,"Yes",0,24,25,39863.9023299073
"Male",30981.8979334749,34,7.79999995231626,3,18,1,"Science",17,"Somewhat",0,20,23,31045.304781751
"Male",14127.449446914,18,NA,NA,1,1,"Science",NA,"No",0,NA,26,NA
"Female",5944.60226078211,41,NA,4,36,2,"Science",20,"Somewhat",0,22,27,16764.9725096834
"Male",32222.4520790551,42,NA,4,45,2,"Science",19,"Yes",0,22,23,NA
"Male",86093.2131126035,37,8.09999990463258,NA,NA,NA,"Science",NA,NA,NA,NA,25,NA
"Male",17659.9,30,NA,NA,NA,NA,"Science",NA,NA,NA,NA,25,NA
"Male",11927.89,30,8.5,7,36,1,"Science",NA,NA,0,NA,24,NA
"Female",23268.7996259501,36,8.19999992847442,NA,0,NA,"Science",NA,"Yes",0,16,25,NA
"Male",21616.1850605392,30,7.59999996423721,5,27,1,"Science",20,NA,0,24,25,NA
"Male",8152.74154729529,36,7.29999995231626,NA,NA,NA,"Science",NA,NA,NA,NA,23,22264.8858929013
"Male",9639.69100514151,39,NA,3,9,1,"Science",16,NA,0,NA,24,17454.7111961021
"Female",14416.2281166484,40,8.19999992847442,NA,NA,0,"Science",NA,NA,NA,NA,25,37301.0547064869
"Male",16765.4770734628,23,6,3,18,1,"Science",NA,"Yes",0,NA,24,NA
"Male",17815.6424862885,30,NA,3,29,2,"Science",19,"Yes",0,21,26,15113.5352597578
"Male",20570.0561579486,31,NA,3,18,1,"Science",22,"No",0,22,27,NA
"Male",23363.3212406214,35,7.89999997615816,4,21,1,"Science",19,"No",3,21,25,NA
"Male",18354.35,28,5.89999997615816,3,27,1,"Art",21,"Yes",0,23,27,12622.5038809364
"Male",13130.9359826296,38,7.29999995231626,NA,NA,NA,"Science",NA,NA,NA,NA,24,NA
"Male",72122.18,36,NA,4,45,1,"Science",NA,"Yes",0,21,25,NA
"Male",30038.3636660259,40,7.5,NA,NA,NA,"Science",NA,NA,NA,NA,26,28269.6994313566
"Male",37549.1318980176,28,7.09999996423721,NA,NA,NA,"Science",NA,NA,NA,NA,24,NA
"Male",23357.7710390482,35,7.09999996423721,3,27,1,"Science",16,"Yes",0,18,24,25022.6633230907
"Female",8766.6274788798,25,7.09999996423721,NA,NA,NA,"Science",20,NA,NA,NA,25,20788.5322744221
"Female",11326.28,27,NA,4,45,1,"Science",25,"Yes",1,23,26,19831.0384090768
"Female",16317.5926252958,45,8,7,39,2,"Art",19,"Yes",NA,22,25,15402.1457415658
"Female",10868.1356200164,34,7.59999996423721,4,54,1,"Science",19,"Yes",0,22,26,NA
"Female",32288.55,48,NA,7,36,1,"Art",NA,"Yes",0,NA,24,NA
"Male",4516.69,41,NA,NA,NA,NA,"Science",NA,NA,NA,NA,26,NA
"Female",11609.17,40,7.5,NA,0,0,"Science",NA,"Yes",0,20,23,NA
"Male",18914.7505857145,29,8.5,6,27,1,"Art",NA,NA,0,18,24,24168.4368445927
"Male",20424.9099774124,33,6.89999997615816,3,27,1,"Science",21,"Yes",0,22,27,12173.4421172842
"Female",45842.9831156141,40,8.89999997615816,4,18,2,"Science",NA,"Yes",1,21,23,12693.1428100502
"Female",15127.3266697277,42,9,7,38,1,"Art",NA,NA,0,NA,23,22182.1374330822
"Male",3588.12122312988,37,7.39999997615816,5,27,1,"Science",NA,"Somewhat",1,26,26,17057.2831258735
"Female",16077.59,41,NA,NA,NA,NA,"Science",NA,NA,NA,NA,24,33072.4738593916
"Male",46929.8134964083,42,8.09999990463258,7,54,1,"Science",20,"Yes",0,24,27,26660.1409751199
"Female",19385.5085918802,43,8,3,18,1,"Science",NA,"Yes",0,22,24,32342.706446475
"Female",15297.53,31,6.29999995231626,NA,NA,NA,"Science",NA,NA,NA,NA,24,23891.9358934899
"Male",26532.6545268621,46,8.29999995231626,NA,NA,NA,"Science",NA,NA,NA,NA,25,18974.1209237554
"Female",96472.5946183227,42,NA,NA,NA,NA,"Science",NA,NA,NA,NA,24,NA
"Male",28158.3590240391,44,9.09999990463258,NA,NA,NA,"Science",NA,NA,NA,NA,25,NA
"Male",21141.05,33,7.19999998807905,NA,NA,0,"Science",NA,NA,NA,NA,24,NA
"Male",22933.9374643652,46,8.5,4,36,1,"Science",20,"No",1,23,24,29586.1063317708
"Male",36505.189438471,42,7.19999998807905,7,52,1,"Science",NA,NA,0,NA,24,NA
"Male",41945.2279198685,40,8.09999990463258,NA,NA,NA,"Art",NA,NA,NA,NA,25,NA
"Female",NA,31,NA,NA,NA,NA,"Science",NA,NA,NA,NA,25,NA
"Male",18652.209232508,28,8.19999992847442,5,54,1,"Art",21,"Yes",0,18,27,17057.2831258735
"Male",5127.88,39,7.39999997615816,3,18,1,"Science",17,"Somewhat",0,20,27,15554.8603787928
"Male",46803.84,34,7.5,5,23,1,"Science",NA,"Somewhat",0,26,25,24013.0312005422
"Male",25643.2767717337,36,7.19999998807905,4,36,2,"Science",20,"Somewhat",0,23,27,NA
"Female",19385.5085918802,32,8.19999992847442,4,27,1,"Science",20,NA,0,21,25,21942.1332620216
"Female",9077.27057905421,35,8.19999992847442,NA,NA,NA,"Science",NA,NA,NA,NA,24,21535.1184799848
"Male",13036.9189317376,40,7.39999997615816,3,18,1,"Science",NA,"Yes",0,21,26,15554.8603787928
"Female",NA,36,6.69999998807905,NA,NA,NA,"Science",NA,NA,NA,NA,26,31331.2242567355
"Female",16077.59,40,8,NA,NA,0,"Science",NA,NA,NA,NA,25,NA
"Male",17921.0963161798,35,8.5,5,27,1,"Science",22,NA,0,26,27,15554.8603787928
"Female",11933.27,28,8.79999995231626,5,36,2,"Science",NA,NA,0,NA,24,NA
"Female",17999.4718899109,37,8,3,13,1,"Science",NA,"Yes",0,18,25,NA
"Female",23731.4846116457,41,9,7,45,1,"Science",NA,NA,0,NA,24,NA
"Male",20080.6292919457,34,6.19999998807905,3,14,1,"Science",19,"Yes",0,21,27,19452.111010759
"Female",31765.4854828591,48,7.09999996423721,7,52,1,"Science",19,"Yes",0,23,25,NA
"Female",20306.34,38,7.5,4,18,1,"Science",21,"Somewhat",0,18,24,18410.5231821828
"Female",7824.9432786218,33,8.09999990463258,3,18,1,"Science",16,"Yes",0,17,25,NA
"Female",9996.75,30,7.29999995231626,NA,0,NA,"Science",NA,"No",0,18,23,NA
"Male",40299.8454352956,36,8.69999992847442,7,45,1,"Science",NA,"Somewhat",0,NA,25,23749.480719777
"Male",25996.98,38,6.79999995231626,NA,NA,NA,"Science",NA,NA,NA,NA,27,12173.4421172842
"Female",30503.7396585449,38,8.5,7,49,1,"Science",20,"Yes",0,25,26,25527.8998541811
"Female",10267.2001587694,42,8.89999997615816,NA,NA,NA,"Science",NA,NA,NA,NA,23,NA
"Male",30548.982210763,37,7.5,4,45,2,"Science",16,"Yes",0,21,25,NA
"Female",24890.9721766713,29,6.19999998807905,NA,NA,NA,"Science",NA,NA,NA,NA,27,17001.9492980677
"Male",16.31,35,NA,NA,NA,NA,"Science",NA,NA,NA,NA,27,12925.2421485671
"Female",5886.40923822642,34,7.79999995231626,NA,NA,NA,"Science",NA,NA,NA,NA,23,31045.304781751
"Female",9776.76,34,8.39999997615816,4,18,1,"Science",22,NA,0,NA,24,NA
"Male",26553.005265964,46,8.79999995231626,7,40,1,"Science",20,"Yes",0,25,26,64582.1455061028
"Male",32827.0876746842,50,NA,7,63,1,"Science",20,"Yes",0,25,27,NA
"Female",33425.6685049607,48,NA,7,45,1,"Art",NA,NA,0,NA,25,21152.1545714319
"Male",NA,35,6.59999996423721,NA,NA,NA,"Science",NA,NA,NA,NA,24,18942.5015935806
"Female",14897.25,40,7.39999997615816,3,27,1,"Science",16,NA,0,18,23,20615.4668980933
"Female",28250.19,45,NA,7,36,1,"Art",NA,"No",2,25,24,25346.2568936026
"Male",7679.46072223259,36,8,5,36,1,"Science",NA,NA,0,NA,24,NA
"Male",35070.2100499014,48,8.5,8,45,1,"Science",NA,"Somewhat",0,NA,24,21152.1545714319
"Male",31760.94,37,7.5,4,18,1,"Science",16,"Somewhat",0,18,25,NA
"Male",22654.5773185126,30,7.19999998807905,NA,NA,0,"Science",NA,NA,NA,17,27,13610.7761368242
"Female",15940.851670022,32,8.29999995231626,3,9,1,"Science",16,"Yes",0,18,26,14008.7087708322
"Female",23731.4846116457,41,7.89999997615816,3,27,1,"Science",18,"Yes",0,18,25,NA
"Female",43196.21,40,8.79999995231626,7,63,1,"Science",19,"No",0,NA,27,NA
"Male",31707.124272377,31,6.39999997615816,NA,NA,NA,"Science",NA,NA,NA,NA,25,NA
"Male",6785.87826894259,36,7.69999998807905,NA,NA,NA,"Science",NA,NA,NA,NA,23,21245.4988706181
"Female",21104.56,33,8.5,4,27,1,"Science",20,"Yes",0,22,25,NA
"Female",14426.3193922361,28,7.89999997615816,NA,NA,NA,"Science",NA,NA,NA,NA,24,24741.2849221205
"Male",210202.615995008,37,9.19999992847442,6,63,2,"Science",19,"Yes",0,17,27,NA
"Female",10612.153595942,32,7.59999996423721,4,36,1,"Art",NA,"No",NA,NA,24,NA
"Male",18700.9837311819,35,5.89999997615816,3,27,1,"Science",20,"Yes",0,22,25,19959.7021728198
"Male",23429.4190957208,35,6.19999998807905,3,21,1,"Science",16,"Yes",3,18,24,20549.032667141
"Male",NA,40,7.89999997615816,6,27,1,"Science",16,"Somewhat",0,25,27,NA
"Female",19561.7695388119,32,7.59999996423721,NA,NA,NA,"Science",NA,NA,NA,NA,25,17535.2732128771
"Male",NA,24,NA,NA,NA,NA,"Science",NA,NA,NA,NA,25,NA
"Male",31350.06,34,NA,3,9,1,"Science",NA,"Yes",0,25,25,27793.2230356912
"Male",24249.34,39,7.69999998807905,7,36,1,"Art",NA,NA,0,NA,24,24384.8947059486
"Female",14416.2281166484,36,8.69999992847442,7,45,2,"Art",NA,NA,0,NA,25,NA
"Male",6306.54267852728,36,8.19999992847442,NA,NA,NA,"Science",NA,NA,NA,NA,24,NA
"Male",24836.98,35,7.69999998807905,5,27,1,"Science",23,"Yes",0,24,27,13555.274121092
"Female",18885.4858865101,31,7.5,3,22,2,"Science",20,"Yes",0,22,25,NA
"Male",17341.02,34,8.19999992847442,5,45,1,"Art",NA,NA,0,NA,25,NA
"Female",22609.67,30,7.5,NA,NA,NA,"Science",NA,NA,NA,NA,25,20332.574805785
"Male",30910.9226285082,34,7.79999995231626,NA,NA,NA,"Science",NA,NA,NA,NA,25,27793.2230356912
"Female",5886.40923822642,37,8.89999997615816,7,45,3,"Art",19,"Yes",0,21,27,21711.21123899
"Female",13646.77,33,8.29999995231626,3,9,1,"Science",NA,"Yes",0,17,24,NA
"Female",30772.17,39,8.69999992847442,7,45,2,"Art",18,NA,0,NA,24,24384.8947059486
"Male",7698.46595792274,30,NA,NA,NA,NA,"Science",NA,NA,NA,NA,25,NA
"Female",23876.97,39,9,7,27,1,"Art",NA,"Yes",0,22,25,15504.7403767073
"Female",8269.8,37,7.89999997615816,NA,NA,0,"Science",NA,NA,NA,NA,26,11026.5686467431
"Female",4944.22,43,NA,NA,NA,NA,"Science",NA,NA,NA,NA,27,NA
"Female",47186.47,39,NA,8,45,2,"Science",18,NA,0,NA,24,NA
"Male",31592.9246703096,37,7.29999995231626,3,18,1,"Science",17,"No",0,21,24,NA
"Female",18423.1372766675,37,8.29999995231626,NA,0,NA,"Science",NA,"No",1,NA,25,24741.2849221205
"Male",31592.9246703096,38,7.29999995231626,6,36,2,"Science",NA,NA,0,NA,24,21583.5566028057
"Male",19388.704162483,38,8,3,18,1,"Science",16,"Somewhat",0,17,23,NA
"Male",13190.138132744,39,NA,4,29,1,"Science",19,NA,3,22,27,12925.2421485671
"Female",17227.657495379,19,6.5,3,18,1,"Science",NA,"Somewhat",0,21,24,NA
"Female",NA,42,8.19999992847442,NA,NA,NA,"Science",NA,NA,NA,NA,25,24259.5947007348
"Female",20667.94,29,7.5,4,18,1,"Science",21,"Somewhat",0,23,24,29586.1063317708
"Female",9102.6669559499,32,NA,7,41,1,"Art",20,NA,NA,NA,24,NA
"Male",14483.503287233,25,NA,4,52,2,"Science",21,"Yes",0,18,25,NA
"Female",4818.24771726937,31,7.59999996423721,4,36,2,"Science",NA,"Yes",0,21,24,25775.6406698589
"Female",19291.9961047676,41,8.69999992847442,6,31,1,"Science",NA,NA,0,24,25,17420.5690470304
"Female",11246.22,22,6.79999995231626,NA,NA,NA,"Science",NA,NA,NA,NA,27,NA
"Female",7089.45747620561,31,6.19999998807905,3,18,1,"Science",20,"Yes",1,19,24,NA
"Female",5008.97,25,7.59999996423721,4,27,1,"Science",NA,"Yes",0,18,25,18537.0005028819
"Female",28250.19,47,NA,7,45,2,"Science",NA,NA,2,NA,24,23847.870656757
"Male",42151.26,32,NA,7,45,1,"Science",NA,NA,0,NA,24,NA
"Male",12880.8405359813,30,7,NA,NA,NA,"Science",NA,NA,NA,NA,24,8395.6049131057
"Male",17537.1232800682,39,NA,3,18,1,"Science",NA,"Yes",0,23,25,21062.3422187015
"Male",19761.0722316688,33,7.5,NA,0,NA,"Science",NA,"No",0,18,24,25022.6633230907
"Male",9639.69100514151,NA,NA,NA,NA,NA,"Science",NA,NA,NA,NA,NA,NA
"Male",32184.2734197483,43,NA,7,63,1,"Art",NA,NA,0,NA,26,28618.1848149848
"Female",4843.81228209152,43,NA,3,18,1,"Science",16,"Somewhat",0,18,25,NA
"Male",24335.11,31,NA,NA,NA,NA,"Science",NA,NA,NA,NA,24,NA
"Male",42006.28,40,NA,7,45,1,"Science",NA,NA,0,NA,25,NA
"Male",19388.704162483,31,NA,NA,NA,NA,"Science",NA,NA,NA,NA,23,NA
"Male",17543.6826092002,25,NA,NA,NA,NA,"Science",NA,NA,NA,NA,24,NA
"Female",12167.39,43,8.29999995231626,7,54,1,"Art",21,"Somewhat",3,NA,27,28584.2108538396
"Male",21886.6312462894,37,NA,7,27,2,"Science",NA,"Somewhat",0,22,24,NA
"Male",21005.33,30,7.59999996423721,NA,NA,NA,"Science",NA,NA,NA,NA,26,NA
"Male",5334.41646357974,38,6.89999997615816,NA,NA,NA,"Science",NA,NA,NA,NA,27,NA
"Male",29224.3341019522,47,8.89999997615816,4,16,1,"Science",NA,"Somewhat",0,18,24,17402.0683751196
"Male",25082.7064128374,29,6.29999995231626,NA,NA,NA,"Science",NA,NA,NA,NA,25,NA
"Male",46991.87,39,8.09999990463258,8,18,1,"Science",19,"Somewhat",0,NA,24,25346.2568936026
"Male",NA,45,8.79999995231626,NA,NA,NA,"Science",NA,NA,NA,NA,26,17888.9724222257
"Male",17516.4361651135,25,NA,NA,NA,NA,"Science",NA,NA,NA,NA,27,18294.6417008509
"Male",1180.68,41,7.39999997615816,3,13,1,"Science",NA,"No",3,20,23,28540.8183688126
"Female",3038.81945530658,41,8.19999992847442,3,18,1,"Science",16,"No",0,17,25,NA
"Male",14127.449446914,34,7.39999997615816,5,63,2,"Science",NA,NA,0,NA,25,NA
"Male",10587.0935948992,21,6.5,NA,NA,NA,"Science",NA,NA,NA,NA,26,18496.4672126047
"Female",17478.0893178802,35,7.5,3,22,4,"Science",20,"Yes",0,21,24,32724.3248516162
"Female",43196.21,39,NA,NA,NA,0,"Science",NA,NA,NA,19,24,25956.2745028786
"Female",2919.74240337183,28,NA,NA,NA,NA,"Science",NA,NA,NA,NA,25,NA
"Female",5638.3320466957,35,8.09999990463258,4,18,1,"Science",17,"Yes",0,20,25,NA
"Male",23712.48,31,NA,NA,NA,NA,"Science",NA,NA,NA,NA,25,NA
"Male",17902.4274563426,34,NA,3,27,1,"Science",16,"Yes",0,18,27,12402.8504489777
"Male",18788.6096408683,38,8.19999992847442,3,18,1,"Science",NA,"No",3,NA,25,NA
"Male",23012.9857898021,46,7.79999995231626,7,54,1,"Science",19,"Somewhat",0,NA,25,NA
"Male",24293.0640981007,31,NA,NA,NA,NA,"Science",NA,NA,NA,NA,26,17351.2756213282
"Male",72122.18,40,8.09999990463258,7,54,1,"Science",19,"Yes",0,23,25,23749.480719777
"Female",18308.4331108207,41,8.69999992847442,7,54,1,"Art",23,"Yes",0,NA,26,38063.6187650633
"Male",13036.9189317376,42,NA,3,18,1,"Science",16,"Somewhat",0,18,26,NA
"Female",13570.24,30,7.89999997615816,NA,0,NA,"Science",NA,"No",0,NA,24,NA
"Female",22639.1040292782,42,8.5,4,36,1,"Science",21,"Yes",0,23,24,27263.9356311168
"Female",23164.5231115439,33,7.09999996423721,3,27,1,"Science",17,"Yes",0,18,26,NA
"Female",36848.124620526,32,8.5,7,66,1,"Science",NA,NA,0,NA,25,NA
"Female",47186.47,39,8.5,7,45,1,"Science",NA,"Somewhat",2,26,25,21304.5328328061
"Male",42151.26,37,NA,6,45,1,"Science",20,"Yes",0,22,26,22574.0153017376
"Male",23363.3212406214,41,9,NA,NA,NA,"Science",NA,NA,NA,NA,25,18645.649903376
"Male",12880.8405359813,30,7,3,36,2,"Science",NA,"No",0,18,27,14810.9651800536
"Female",17165.09,35,5.5,NA,NA,0,"Science",NA,NA,NA,16,24,21140.885980359
"Female",32288.55,54,8.79999995231626,NA,NA,NA,"Science",NA,NA,NA,NA,25,28469.5066879929
"Male",40782.04,32,NA,3,9,1,"Science",16,"Yes",0,20,25,17718.2616768672
"Female",9023.79,34,8.69999992847442,NA,NA,0,"Science",NA,NA,NA,17,26,16094.9118106608
"Female",96472.5946183227,NA,NA,NA,0,NA,"Science",NA,NA,0,NA,NA,NA
"Female",18124.4355192718,41,8.89999997615816,7,45,1,"Art",NA,NA,0,NA,24,13330.4068634129
"Male",5622.69056953478,33,7.09999996423721,3,18,1,"Science",16,"Somewhat",4,19,27,NA
"Female",11609.17,26,7.5,NA,NA,NA,"Science",NA,NA,NA,NA,24,9805.86067648548
"Female",16758.92,27,NA,4,54,2,"Science",21,"Yes",1,23,25,NA
"Female",24555.27,38,8.19999992847442,5,54,1,"Art",NA,"Yes",0,26,25,23332.0382862996
"Male",16536.07,31,6.09999996423721,3,27,1,"Science",19,"Yes",0,21,27,12539.9236090438
"Male",22992.1304869209,39,8.39999997615816,4,27,1,"Science",20,"Yes",0,23,25,NA
"Male",11927.89,28,6.89999997615816,NA,NA,NA,"Science",NA,NA,NA,NA,25,9805.86067648548
"Male",13135.477056644,NA,NA,NA,NA,0,"Science",NA,NA,NA,NA,NA,NA
"Male",3828.12539419045,37,6.89999997615816,NA,NA,NA,"Science",NA,NA,NA,NA,26,NA
"Male",26445.36,32,7.09999996423721,4,54,2,"Science",20,"No",0,18,27,16843.6844592674
"Male",5272.69149456837,37,6.5,3,9,1,"Science",NA,"Somewhat",4,18,27,12924.9057727142
"Male",23727.2799134841,39,NA,3,18,1,"Science",NA,"Somewhat",0,21,23,15340.5889604809
"Female",24511.0356507948,47,NA,7,54,1,"Art",21,"No",0,NA,25,39863.9023299073
"Male",5333.23914809451,39,8.19999992847442,4,27,1,"Science",NA,"Somewhat",4,23,27,21073.4426218479
"Male",17921.0963161798,32,NA,3,14,1,"Science",16,"Yes",0,18,25,17315.6197809184
"Female",19698.34,38,8.89999997615816,7,27,1,"Science",NA,NA,0,23,24,24044.650530717
"Female",13215.3663217132,35,NA,NA,NA,NA,"Science",NA,NA,NA,NA,27,NA
"Male",30981.8979334749,31,7.09999996423721,3,18,1,"Science",15,"Yes",0,19,26,NA
"Male",NA,24,NA,3,18,1,"Science",16,"Yes",1,18,24,NA
"Male",21616.1850605392,41,7.19999998807905,5,27,1,"Science",20,"No",0,NA,24,18410.5231821828
"Male",21636.1994237882,37,6.69999998807905,NA,NA,NA,"Science",NA,NA,NA,NA,24,NA
"Male",35451.8284550425,35,6.69999998807905,NA,NA,NA,"Science",NA,NA,NA,NA,26,NA
"Female",13875,27,7.89999997615816,5,36,1,"Science",NA,NA,1,NA,24,18874.2172954372
"Female",5611.76,35,6.69999998807905,3,41,1,"Science",NA,"Yes",0,18,27,NA
"Female",15541.2371567495,38,8.39999997615816,NA,NA,NA,"Science",NA,NA,NA,NA,24,34580.6149959719
"Female",25542.5322037832,41,8.79999995231626,NA,NA,NA,"Science",NA,NA,NA,NA,25,NA
"Male",24836.98,38,8.29999995231626,4,27,1,"Science",21,"Somewhat",0,23,26,NA
"Male",30910.9226285082,40,7.79999995231626,7,36,1,"Science",NA,NA,0,25,25,19817.9197508128
"Female",35712.3515531314,37,8.69999992847442,7,63,1,"Science",NA,NA,0,NA,25,NA
"Female",7053.46525994285,32,NA,3,9,1,"Science",NA,NA,1,21,27,11938.9881477968
"Female",NA,39,7.5,4,18,1,"Science",NA,"Yes",0,21,24,111901.482240195
"Male",72122.18,33,NA,7,36,1,"Science",NA,"Yes",0,24,24,NA
"Male",17921.0963161798,45,8.29999995231626,3,18,1,"Science",17,"Yes",0,19,24,32342.706446475
"Female",9023.79,34,8.19999992847442,NA,3,1,"Science",NA,"No",0,19,25,NA
"Female",20331.5656782262,48,7.09999996423721,6,63,1,"Art",23,"Somewhat",1,26,27,15893.0862989069
"Female",29945.3557426926,35,7.79999995231626,4,18,1,"Science",20,"No",0,22,25,NA
"Female",25620.2350258084,40,7.89999997615816,3,18,1,"Science",NA,"Somewhat",0,22,25,NA
"Female",21332.28,34,NA,4,41,1,"Science",NA,"Yes",0,21,26,16869.2490240896
"Female",9795.60121297133,31,7.5,3,18,1,"Science",19,NA,1,NA,25,NA
"Female",18281.1866667339,37,NA,NA,NA,NA,"Science",NA,NA,NA,NA,25,NA
"Female",34941.04,32,7.79999995231626,4,18,1,"Science",21,"Yes",0,22,25,21942.1332620216
"Female",18883.6358193191,28,8.69999992847442,5,27,1,"Science",25,"Yes",0,24,25,18014.1042395131
"Male",13064.5017516773,40,7.89999997615816,NA,NA,NA,"Science",NA,NA,NA,NA,27,15960.8660332709
"Female",11246.22,30,NA,4,54,1,"Science",22,"Somewhat",3,21,23,NA
"Female",13217.89,34,7.79999995231626,4,22,1,"Science",19,"Somewhat",0,21,24,NA
"Female",8337.24,32,7.5,NA,NA,0,"Science",NA,NA,NA,NA,24,NA
"Female",36848.124620526,38,8.59999990463258,NA,NA,NA,"Science",NA,NA,NA,NA,27,NA
"Female",11707.23,39,8.79999995231626,7,45,1,"Art",20,NA,0,NA,24,38675.6546294568
"Male",14966.5390120305,33,NA,7,45,2,"Science",NA,"Yes",0,23,27,5852.93984086058
"Male",31592.9246703096,30,7.09999996423721,3,18,1,"Science",16,"Yes",0,21,24,NA
"Female",15541.2371567495,32,7.69999998807905,NA,NA,0,"Science",NA,NA,NA,19,25,20332.574805785
"Male",9706.96617572611,NA,NA,NA,NA,0,"Science",NA,NA,NA,NA,NA,NA
"Female",31765.4854828591,48,NA,7,36,1,"Science",NA,"Yes",0,23,25,13623.8947950882
"Female",36848.124620526,38,8.69999992847442,NA,NA,NA,"Science",NA,NA,NA,NA,25,NA
"Female",9054.06064520252,39,8.19999992847442,NA,9,1,"Science",NA,"Yes",0,21,24,27991.3484130628
"Male",162.81,41,8.69999992847442,7,45,1,"Science",NA,NA,0,NA,24,NA
"Male",30996.7,38,7,3,18,1,"Science",NA,"Yes",0,20,24,20549.032667141
"Female",17478.0893178802,33,5.5,3,18,1,"Science",16,"Yes",0,17,25,17535.2732128771
"Female",22957.82,46,NA,7,63,1,"Art",21,"No",0,NA,26,NA
"Male",17173.84,41,9.19999992847442,NA,NA,NA,"Science",NA,NA,NA,NA,26,15761.3951524876
"Male",27399.9996636241,46,8.89999997615816,7,38,1,"Science",NA,"Yes",0,25,25,39863.5659540544
"Male",18668.1870855219,34,6.39999997615816,3,29,1,"Science",17,"Yes",0,19,27,23058.0601540938
"Female",17297.4554848606,19,7.19999998807905,NA,NA,0,"Science",NA,NA,NA,NA,26,20181.0374840432
"Female",30751.6486621492,39,NA,7,63,1,"Art",19,"Yes",0,23,26,NA
"Female",34691.45,37,8.59999990463258,7,54,1,"Science",NA,NA,0,NA,27,NA
"Male",24151.786239873,39,7.59999996423721,7,27,1,"Art",NA,"Somewhat",0,NA,25,26496.15774682
"Female",2029.18733275813,20,6.29999995231626,3,18,1,"Science",16,NA,3,NA,24,18537.0005028819
"Female",NA,31,NA,3,9,1,"Science",NA,"Yes",0,18,26,28584.2108538396
"Male",28061.3145904708,40,NA,7,60,1,"Art",20,NA,0,NA,26,NA
"Female",15292.15083766,29,7.59999996423721,3,9,1,"Science",21,"Somewhat",3,21,24,NA
"Female",16574.0792131496,41,7.79999995231626,4,36,1,"Science",20,"Yes",0,21,23,24493.0395426634
"Female",14416.2281166484,41,7.59999996423721,4,24,1,"Science",20,"Somewhat",0,22,24,NA
"Male",7679.46072223259,44,NA,3,18,1,"Science",NA,"Yes",0,21,27,NA
"Female",15997.8673770925,38,8.59999990463258,NA,NA,NA,"Science",NA,NA,NA,NA,26,NA
"Female",5356.11270609328,27,7.5,NA,18,0,"Science",NA,"Somewhat",0,17,25,NA
"Male",46552.9043532081,42,8.09999990463258,6,22,1,"Science",20,"Yes",0,24,24,10667.8237996007
"Female",23148.55,33,7,4,18,1,"Science",17,"Yes",0,18,27,NA
"Male",13064.5017516773,31,7.29999995231626,NA,NA,NA,"Science",NA,NA,NA,NA,24,NA
"Female",8609.54,32,8.39999997615816,NA,0,0,"Science",NA,"No",0,17,26,NA
"Male",36810.4505249986,35,6.69999998807905,3,36,1,"Science",16,"Yes",0,22,26,22574.0153017376
"Male",23546.3097046115,32,7.89999997615816,7,45,1,"Science",25,NA,0,NA,27,NA
"Female",7400.60514015941,31,NA,NA,NA,NA,"Art",NA,NA,NA,NA,25,NA
"Female",3038.81945530658,34,6.69999998807905,3,41,3,"Science",NA,"No",0,23,25,19343.1252344119
"Male",24836.1429126449,35,7.69999998807905,5,36,1,"Science",21,NA,0,25,27,15761.3951524876
"Male",20697.7107941329,32,6.5,NA,NA,NA,"Science",NA,NA,NA,NA,24,NA
"Female",5055.73,NA,NA,NA,NA,NA,"Science",NA,NA,NA,NA,NA,NA
"Male",26133.0400135896,39,7.59999996423721,NA,NA,NA,"Science",NA,NA,NA,NA,25,22269.0905910628
"Female",12453.48,36,8.39999997615816,4,27,1,"Science",21,"Somewhat",0,24,27,18639.7633259499
"Female",15335.38,36,9,7,41,1,"Science",NA,NA,0,NA,25,NA
"Female",30036.0090350554,38,8.19999992847442,3,5,1,"Science",20,"No",0,22,23,29586.1063317708
"Male",29224.3341019522,44,8.89999997615816,7,63,1,"Science",20,"Yes",NA,NA,26,20655.6638125175
"Male",25833.67,39,NA,6,27,1,"Science",NA,NA,0,NA,25,NA
"Female",10055.1151835014,39,8.09999990463258,NA,0,NA,"Science",NA,"No",1,17,24,NA
"Male",29769.77,37,8.09999990463258,NA,NA,NA,"Science",NA,NA,NA,NA,24,NA
"Female",7934.1,40,8.19999992847442,3,18,1,"Science",NA,"Yes",0,19,24,NA
"Male",26133.0400135896,36,6.69999998807905,NA,NA,NA,"Science",NA,NA,NA,NA,24,NA
"Female",12167.39,39,7.5,3,5,1,"Science",21,"Yes",0,22,24,26118.7440398404
"Male",17341.02,31,8.5,5,36,1,"Science",NA,NA,0,NA,24,NA
"Male",40881.4392849995,47,NA,7,63,1,"Science",19,"Yes",0,24,26,NA
"Female",18886.6632019954,34,8.39999997615816,5,32,3,"Science",20,NA,0,NA,24,NA
"Female",11970.1029141922,40,8.79999995231626,NA,NA,NA,"Science",NA,NA,NA,NA,25,17402.0683751196
"Male",14483.503287233,30,7.19999998807905,NA,NA,NA,"Science",NA,NA,NA,NA,25,NA
"Male",19376.9310076307,38,7.69999998807905,5,40,1,"Science",17,"Somewhat",0,26,27,16982.7758744511
"Male",22992.1304869209,46,7.59999996423721,3,27,1,"Science",NA,"Yes",0,22,24,NA
"Male",27664.3910840216,32,6.39999997615816,3,9,1,"Science",16,"Somewhat",0,21,27,11719.671091691
"Male",23906.2318672392,25,6.69999998807905,3,24,1,"Science",16,"Yes",0,17,25,20424.7417894859
"Female",22670.7233594529,38,8.69999992847442,4,27,1,"Science",20,"Yes",0,24,25,NA
"Male",23357.7710390482,41,7.39999997615816,7,54,1,"Science",20,NA,0,NA,26,NA
"Female",13869.9537315014,36,8.59999990463258,7,54,1,"Art",23,NA,0,NA,26,26660.1409751199
"Male",40683.65,53,8.5,7,36,1,"Science",NA,"Yes",0,23,25,38223.9018589811
"Male",86093.2131126035,33,7.79999995231626,3,22,1,"Science",16,"Yes",1,20,24,21121.5443688159
"Male",15798.56,32,7.29999995231626,5,36,1,"Science",NA,NA,0,NA,24,NA
"Male",17516.4361651135,34,NA,NA,NA,NA,"Science",NA,NA,NA,NA,27,23058.0601540938
"Male",40881.4392849995,47,NA,7,63,1,"Science",20,"Yes",0,24,25,NA
"Male",46929.8134964083,39,8.09999990463258,5,22,1,"Science",NA,"Somewhat",0,26,26,15511.9724575452
"Female",17189.8152119252,33,8,NA,NA,0,"Science",NA,NA,NA,NA,25,NA
"Male",13289.37,40,7.39999997615816,3,25,1,"Science",NA,"Yes",0,21,27,13555.274121092
"Male",23906.2318672392,39,7.5,5,45,1,"Science",19,"Yes",2,25,27,NA
"Male",29752.2760031148,42,7.39999997615816,NA,NA,NA,"Science",NA,NA,NA,NA,26,20584.6885075508
"Male",32997.4620441897,37,7.19999998807905,3,27,1,"Science",16,"Yes",1,18,24,NA
"Female",5356.11270609328,21,8.5,4,18,1,"Science",NA,"Somewhat",0,22,24,NA
"Female",16790.0325107262,33,7.69999998807905,7,45,1,"Art",21,NA,0,NA,26,16292.532624253
"Female",3188.84308571025,28,6.19999998807905,NA,NA,NA,"Science",NA,NA,NA,NA,25,26005.7217532582
"Male",26356.7299557834,36,6.69999998807905,3,5,1,"Science",16,"No",0,NA,26,NA
"Male",19761.0722316688,30,7.79999995231626,4,15,1,"Science",NA,"Yes",0,22,23,NA
"Male",21523.513513059,33,7.09999996423721,NA,NA,NA,"Science",NA,NA,NA,NA,26,NA
"Male",11529.786922716,30,NA,NA,NA,NA,"Science",NA,NA,NA,NA,27,14682.8059800899
"Male",46718.57,42,NA,NA,NA,NA,"Science",NA,NA,NA,NA,24,NA
"Male",36810.4505249986,36,8.59999990463258,7,18,1,"Science",NA,NA,0,NA,24,NA
"Male",19170.7326097889,NA,NA,NA,NA,NA,"Science",NA,NA,NA,NA,NA,NA
"Female",12250.3,40,7.5,3,13,2,"Science",20,"Yes",0,22,23,NA
"Female",5456.18452233788,33,6.5,3,8,1,"Science",16,"Yes",0,17,23,NA
"Male",22435.7648261862,34,7.39999997615816,NA,NA,NA,"Science",NA,NA,NA,NA,26,21073.4426218479
"Male",12979.0622850348,39,NA,5,45,2,"Science",23,NA,0,23,26,12402.8504489777
"Female",6130.62,34,6.79999995231626,3,41,1,"Science",NA,"Yes",0,20,24,NA
"Female",12106.34,43,8,4,37,2,"Science",19,"Yes",0,21,25,21897.3952735829
"Male",6822.04,40,NA,3,18,1,"Science",NA,NA,2,NA,25,NA
"Male",46991.87,48,8.89999997615816,4,18,1,"Science",20,"Somewhat",0,24,27,20584.6885075508
"Male",26937.6510537815,27,6.5,NA,NA,NA,"Science",NA,NA,NA,NA,26,28269.6994313566
"Male",22787.9503441966,35,7.69999998807905,5,40,1,"Science",NA,NA,0,NA,24,NA
"Female",23876.97,36,8,7,45,1,"Art",23,"Yes",2,25,27,22109.3120609244
"Female",2476.06265336636,38,8,3,13,1,"Science",NA,"No",0,21,24,24430.1372581668
"Female",15297.53,31,8.09999990463258,7,54,1,"Art",23,NA,0,NA,24,20655.6638125175
"Female",16614.2761275739,35,7.5,NA,NA,NA,"Science",NA,NA,NA,NA,25,NA
"Female",7934.1,44,8.59999990463258,4,27,1,"Science",17,"No",0,22,24,20860.1803310948
"Female",19747.6171975519,41,8.5,6,36,1,"Art",NA,NA,0,25,24,21897.3952735829
"Female",42473.84,41,8.79999995231626,7,45,1,"Science",NA,"Yes",0,25,25,26496.15774682
"Female",15997.8673770925,27,6.39999997615816,3,9,1,"Science",NA,"Yes",0,19,27,NA
"Male",4950.9479912475,41,8.09999990463258,3,18,1,"Science",NA,"No",4,18,25,28857.8526101926
"Male",20164.0505034706,34,6.39999997615816,3,9,1,"Science",17,"No",3,18,26,23058.0601540938
"Male",11927.89,34,6.89999997615816,NA,NA,NA,"Science",NA,NA,NA,NA,26,NA
"Female",5638.3320466957,NA,NA,NA,0,NA,"Science",NA,NA,NA,NA,NA,NA
"Male",35070.2100499014,45,8.5,7,36,1,"Science",NA,NA,0,NA,23,38250.811927215
"Female",33531.63,40,8.29999995231626,NA,NA,NA,"Science",NA,NA,NA,NA,26,NA
"Female",22957.82,36,7.29999995231626,3,18,1,"Science",16,"Somewhat",0,17,26,NA
"Male",29752.2760031148,37,6.79999995231626,4,54,1,"Science",20,"Yes",0,24,27,16870.2581516483
"Male",36699.9510573134,42,8,7,27,1,"Science",NA,NA,0,NA,25,17681.7648968251
"Female",16031.1685865318,29,NA,4,27,1,"Science",17,"Yes",0,19,25,NA
"Male",6889.15,30,NA,NA,NA,NA,"Science",NA,NA,NA,NA,26,18496.4672126047
"Male",5945.44,23,NA,3,18,1,"Science",NA,"Yes",0,21,24,NA
"Female",11528.27,NA,NA,NA,NA,NA,"Science",NA,NA,NA,NA,NA,NA
"Male",18373.1854625084,29,7.19999998807905,5,45,2,"Science",20,NA,2,22,25,NA
"Female",15997.8673770925,33,7.69999998807905,3,18,1,"Science",NA,"Yes",0,18,25,NA
"Male",26356.7299557834,36,7.59999996423721,NA,NA,NA,"Science",NA,NA,NA,NA,25,27793.2230356912
"Female",13944.124607071,36,NA,3,18,1,"Science",20,"Yes",0,23,27,NA
"Male",72868.4282670084,37,8,NA,NA,NA,"Science",NA,NA,NA,NA,27,NA
"Female",7824.9432786218,37,7.5,NA,NA,NA,"Science",NA,NA,NA,NA,25,16597.9618987071
"Male",72122.18,40,8.09999990463258,5,22,1,"Science",20,"Yes",0,24,24,27263.9356311168
"Female",23731.4846116457,32,7.89999997615816,7,45,1,"Science",25,"No",2,NA,27,NA
"Female",12326.32,37,8.59999990463258,7,45,2,"Art",25,NA,0,NA,25,NA
"Female",17478.0893178802,27,8.89999997615816,7,36,1,"Art",NA,NA,0,NA,23,NA
"Male",17130.4448738843,34,6.79999995231626,NA,NA,NA,"Science",NA,NA,NA,NA,27,NA
"Male",19834.402167606,33,6.39999997615816,3,27,1,"Science",17,NA,NA,21,25,17535.2732128771
"Male",17354.1348160781,39,8.39999997615816,NA,NA,NA,"Science",NA,NA,NA,NA,25,30173.5867589009
"Male",19054.0101888246,NA,NA,NA,NA,NA,"Science",NA,NA,NA,NA,NA,NA
"Male",32909.6679465768,37,8.09999990463258,7,63,1,"Science",20,"Yes",NA,26,26,25527.8998541811
"Female",16988.1578880978,27,7.19999998807905,NA,0,0,"Science",NA,NA,0,NA,25,14954.7658571782
"Female",15292.15083766,36,8.19999992847442,5,27,1,"Science",NA,NA,1,NA,24,NA
"Female",15909.4,38,8.69999992847442,7,45,1,"Science",22,NA,0,NA,25,26660.1409751199
"Female",8075.87966490238,43,NA,4,32,2,"Science",NA,"Somewhat",0,24,26,NA
"Male",20841.5114712575,37,7.29999995231626,NA,NA,NA,"Science",NA,NA,NA,NA,26,13610.7761368242
"Male",8945.91580848777,36,7.5,3,5,1,"Science",16,NA,0,17,25,NA
"Male",3588.12122312988,41,7.89999997615816,7,54,1,"Science",NA,"Somewhat",3,NA,27,NA
"Female",NA,31,7.19999998807905,NA,NA,NA,"Science",NA,NA,NA,NA,23,23583.4792363596
"Female",21332.28,NA,NA,NA,0,NA,"Science",NA,"Yes",0,16,NA,NA
"Male",13231.01,31,7,NA,NA,NA,"Science",NA,NA,NA,NA,25,NA
"Female",13618.1764055885,27,7.89999997615816,NA,NA,NA,"Science",NA,NA,NA,NA,25,34580.6149959719
"Male",15189.5562025184,34,NA,NA,NA,NA,"Science",NA,NA,NA,NA,26,NA
"Male",19109.85,NA,NA,NA,NA,NA,"Science",NA,NA,NA,NA,NA,NA
"Female",30533.17,40,8.79999995231626,5,30,2,"Science",22,NA,0,20,23,32724.3248516162
"Male",23012.9857898021,33,7.09999996423721,3,18,1,"Science",16,"Yes",0,19,27,17351.2756213282
"Male",15082.5886812889,34,NA,NA,NA,NA,"Science",NA,NA,NA,NA,26,NA
"Male",20410.28,45,8.79999995231626,7,39,1,"Science",19,"Somewhat",2,NA,25,22182.1374330822
"Female",19099.25,23,7.79999995231626,3,18,1,"Science",16,"No",0,17,26,NA
"Male",NA,24,6.5,3,18,1,"Science",22,"Yes",0,22,25,NA
"Female",8075.87966490238,41,8.29999995231626,NA,NA,0,"Science",NA,NA,NA,NA,26,13566.0381483855
"Male",4618.27,40,6.79999995231626,NA,NA,NA,"Science",NA,NA,NA,NA,26,19452.111010759
"Male",24379.6808802283,42,7.79999995231626,3,27,1,"Science",16,"Yes",2,22,25,NA
"Female",5880.85903665319,34,7.19999998807905,3,46,1,"Science",NA,"No",0,21,27,NA
"Female",12657.49,38,8.59999990463258,7,45,1,"Science",21,NA,0,NA,25,NA
"Male",19309.8240249725,36,NA,NA,NA,NA,"Science",NA,NA,NA,NA,27,NA
"Male",19388.704162483,38,NA,7,18,1,"Art",21,NA,0,NA,25,NA
"Male",22435.7648261862,39,NA,7,27,1,"Art",NA,NA,0,NA,25,NA
"Female",13843.7164149734,37,8.59999990463258,NA,0,NA,"Science",NA,NA,0,NA,23,NA
"Male",23759.4038074383,NA,NA,NA,NA,NA,"Science",NA,NA,NA,NA,NA,NA
"Male",23727.2799134841,27,NA,NA,NA,NA,"Science",NA,NA,NA,NA,25,NA
"Female",9776.76,34,8.19999992847442,4,18,1,"Science",23,NA,0,NA,24,NA
"Female",4843.81228209152,35,7.79999995231626,4,18,1,"Science",19,"Yes",0,20,25,NA
"Female",20653.98,30,6.89999997615816,NA,NA,NA,"Science",NA,NA,NA,NA,27,16869.2490240896
"Female",20306.34,38,8.19999992847442,3,18,1,"Science",17,"Somewhat",0,20,25,NA
"Female",9796.77852845656,37,NA,7,54,1,"Art",20,NA,0,NA,25,NA
"Male",8945.91580848777,39,7.19999998807905,NA,NA,0,"Science",NA,NA,NA,NA,25,10789.5918583589
"Male",5333.23914809451,41,NA,4,27,1,"Science",22,"Yes",4,23,26,19452.111010759
"Female",16489.8170619924,45,8.69999992847442,NA,NA,NA,"Science",NA,NA,2,NA,24,NA
"Male",25385.44,29,6.89999997615816,4,19,1,"Science",19,"Yes",0,21,25,NA
"Male",11187.19,28,7.29999995231626,3,26,1,"Science",21,"Yes",0,22,27,NA
"Female",9054.06064520252,35,8.69999992847442,NA,9,0,"Science",NA,NA,0,NA,23,NA
"Male",15082.5886812889,35,NA,4,42,2,"Science",21,"Yes",0,26,26,12402.8504489777
"Female",9023.79,44,8.5,NA,NA,0,"Science",NA,"Yes",NA,NA,25,NA
"Female",2476.06265336636,28,6.29999995231626,NA,0,NA,"Science",NA,NA,3,NA,24,NA
"Female",5356.11270609328,34,7.79999995231626,3,28,2,"Science",NA,"Yes",0,22,27,20372.4353443564
"Male",10000.45,NA,NA,NA,NA,NA,"Science",NA,NA,NA,NA,NA,NA
"Female",24511.0356507948,36,NA,NA,NA,NA,"Science",NA,NA,NA,NA,24,NA
"Male",16897.1682198822,29,7.19999998807905,NA,NA,NA,"Science",NA,NA,NA,NA,25,NA
"Male",23759.4038074383,25,NA,3,18,1,"Science",16,"No",3,NA,27,NA
"Male",20424.9099774124,36,8.59999990463258,4,21,1,"Science",22,"Yes",0,26,25,NA
"Female",42473.84,41,NA,NA,NA,0,"Science",NA,NA,NA,23,24,25775.6406698589
"Male",28119.51,40,NA,3,9,1,"Science",NA,"Yes",0,19,24,NA
"Female",24511.0356507948,36,8.89999997615816,NA,NA,NA,"Science",NA,NA,NA,NA,27,16869.2490240896
"Female",5632.95,21,7.79999995231626,4,18,1,"Science",20,"Yes",1,23,25,17553.1011330821
"Male",19054.0101888246,33,6.79999995231626,NA,NA,0,"Science",NA,NA,NA,17,24,NA
"Male",16897.1682198822,34,7.69999998807905,3,18,1,"Science",16,"Somewhat",0,17,24,NA
"Male",15798.56,33,7.39999997615816,4,36,2,"Science",23,NA,3,19,25,NA
"Female",13313.59,32,8.19999992847442,7,41,2,"Science",21,NA,1,NA,25,NA
"Male",12880.8405359813,42,7.5,3,25,1,"Science",16,"No",0,19,23,18795.6735337797
"Female",4853.9,34,NA,NA,NA,NA,"Science",NA,NA,NA,NA,24,NA
"Female",20306.34,38,NA,7,36,2,"Science",23,NA,0,NA,27,NA
"Female",11933.27,27,6.79999995231626,NA,0,NA,"Science",NA,NA,0,NA,24,18396.3953963601
"Female",6759.98,39,7.5,NA,NA,NA,"Science",NA,NA,NA,NA,25,12715.5118042696
"Female",18613.5260094219,31,7.09999996423721,3,27,2,"Science",21,"Yes",1,18,26,NA
"Female",14416.2281166484,40,8.29999995231626,4,36,1,"Science",NA,"Yes",0,23,26,NA
"Female",10868.1356200164,35,6.5,NA,NA,NA,"Science",NA,NA,NA,NA,24,21074.7881252596
"Male",26553.005265964,22,6.79999995231626,4,45,1,"Science",24,NA,0,NA,27,17396.6863614729
"Female",15909.4,33,7.5,NA,NA,NA,"Science",NA,NA,NA,NA,25,17315.6197809184
"Female",18613.5260094219,34,8,NA,0,NA,"Science",NA,NA,0,NA,24,23975.3571050149
"Male",26532.6545268621,27,6.69999998807905,NA,NA,NA,"Science",NA,NA,NA,NA,25,NA
"Female",96472.5946183227,32,7.29999995231626,4,27,1,"Science",24,"Yes",0,19,26,NA
"Male",24817.6422407341,38,6.69999998807905,NA,0,NA,"Science",NA,NA,0,NA,23,28540.8183688126
"Male",5945.44,33,7.09999996423721,NA,NA,NA,"Science",NA,NA,NA,NA,24,NA
"Male",27664.3910840216,33,7.89999997615816,5,36,1,"Science",NA,NA,0,24,25,20776.5909316434
"Male",46718.57,34,NA,3,9,1,"Science",16,"Yes",1,22,27,28269.6994313566
"Female",4818.24771726937,43,8,4,23,1,"Science",NA,"No",0,23,24,30173.5867589009
"Female",15308.6332544532,41,7.79999995231626,3,27,1,"Science",16,NA,0,19,23,25003.6580874005
"Male",26268.4312943911,35,7.19999998807905,4,54,1,"Science",21,"Yes",0,23,25,17199.57011166
"Male",NA,NA,NA,NA,NA,NA,"Science",NA,NA,NA,NA,NA,NA
"Male",24379.6808802283,41,NA,4,27,1,"Science",21,"No",0,23,26,17351.2756213282
"Female",13313.59,30,8.79999995231626,7,45,2,"Art",NA,NA,0,NA,25,NA
"Female",11246.22,27,7.5,4,23,2,"Science",NA,"Somewhat",0,23,25,NA
"Female",4843.81228209152,35,7.39999997615816,3,18,1,"Science",16,"Yes",0,18,25,16343.9981297503
"Male",26445.36,35,7.19999998807905,NA,NA,NA,"Science",NA,NA,NA,NA,25,NA
"Male",19761.0722316688,33,5.89999997615816,3,29,1,"Science",20,"Yes",1,24,25,19959.7021728198
"Male",24151.786239873,34,7.39999997615816,3,18,1,"Science",17,"Somewhat",0,20,25,NA
"Female",15909.4,33,7.5,5,22,1,"Science",NA,NA,0,NA,24,NA
"Male",41882.3256353719,31,NA,NA,NA,NA,"Science",NA,NA,NA,NA,23,NA
"Male",24999.7897650919,31,7.29999995231626,NA,0,NA,"Science",NA,NA,1,NA,25,NA
"Female",21928.17,35,7.19999998807905,3,21,2,"Science",NA,"Somewhat",0,18,24,27969.9885464021
"Male",46803.84,32,6.5,3,14,1,"Art",NA,"No",0,19,24,18215.9297512669
"Male",19611.05,40,NA,7,63,1,"Science",21,"Yes",0,26,26,22109.3120609244
"Female",24555.27,32,7.79999995231626,6,27,1,"Art",NA,NA,0,24,25,NA
"Female",5951.5,43,NA,3,18,1,"Science",16,"Yes",0,21,27,10935.9153543804
"Female",14105.92,28,7.59999996423721,4,54,2,"Science",24,"Yes",3,22,25,NA
"Male",16131.7449665558,35,7.29999995231626,3,36,2,"Science",19,NA,2,19,25,18715.1115170046
"Male",20696.7016665742,41,7.19999998807905,7,54,1,"Science",19,"Somewhat",2,25,27,13183.578803612
"Male",12236.8489655602,30,7,NA,NA,NA,"Science",NA,NA,NA,NA,25,NA
"Male",15904.1867020534,18,6.19999998807905,NA,NA,NA,"Science",NA,NA,NA,NA,25,NA
"Female",8075.87966490238,44,NA,NA,NA,0,"Science",NA,NA,NA,NA,27,NA
"Male",21886.6312462894,38,NA,NA,0,NA,"Science",NA,"Yes",2,17,24,NA
"Female",23876.97,41,9.39999997615816,7,45,1,"Art",21,"Yes",0,24,26,38675.6546294568
"Female",7808.96542560796,33,NA,3,18,1,"Science",16,NA,1,20,24,NA
"Female",13944.124607071,NA,NA,NA,NA,NA,"Science",NA,NA,NA,NA,NA,NA
"Female",16988.1578880978,27,7.09999996423721,5,36,2,"Science",NA,NA,0,25,25,NA
"Male",40807.1002215035,37,NA,4,36,1,"Science",20,"Yes",0,23,25,NA
"Male",NA,45,NA,NA,0,0,"Science",NA,"No",4,20,27,NA
"Male",20315.5878252124,36,NA,3,9,1,"Science",16,"Yes",0,18,25,NA
"Male",26268.4312943911,39,7.59999996423721,7,27,1,"Art",NA,NA,0,NA,23,41090.4968775912
"Female",20376.3,38,8.19999992847442,NA,0,NA,"Science",NA,NA,0,NA,23,34580.6149959719
"Male",22502.3672450649,30,7.5,NA,NA,NA,"Science",NA,NA,NA,NA,26,13555.274121092
"Male",8911.94184734255,44,NA,5,27,1,"Science",21,NA,0,24,27,23058.0601540938
"Female",19698.34,29,7.5,NA,0,NA,"Science",NA,NA,0,NA,25,11725.0531053378
"Female",8075.87966490238,41,7.39999997615816,4,27,1,"Science",20,"Somewhat",0,23,27,NA
"Female",21030.2183247473,38,7.79999995231626,4,27,1,"Science",17,"Yes",0,18,26,NA
"Male",58329.9275278225,NA,NA,NA,NA,NA,"Science",NA,NA,NA,NA,NA,NA
"Female",10868.1356200164,32,7.79999995231626,3,22,4,"Science",20,"Yes",0,22,26,NA
"Male",72868.4282670084,46,NA,7,45,1,"Science",NA,"Somewhat",0,25,25,37657.7812985117
"Male",8752.6678809835,40,6.79999995231626,3,36,2,"Science",16,"No",0,17,27,NA
"Male",22811.16,34,7.19999998807905,4,36,2,"Science",NA,"Yes",3,21,25,17315.6197809184
"Male",26937.6510537815,33,8.09999990463258,NA,NA,NA,"Science",NA,NA,NA,NA,24,20981.1074502206
"Female",15430.4,31,6.29999995231626,NA,NA,NA,"Science",NA,NA,NA,NA,24,NA
"Male",18354.35,34,6.79999995231626,NA,NA,NA,"Science",NA,NA,NA,NA,27,NA
"Male",210202.615995008,37,NA,5,27,1,"Science",21,"Yes",0,26,24,NA
"Female",6730.37625321029,40,7.09999996423721,5,27,1,"Science",16,NA,0,23,26,20691.9924046332
"Male",5820.47957105351,23,NA,NA,18,0,"Science",NA,"Somewhat",4,21,25,NA
"Female",21548.57,30,7.39999997615816,3,18,1,"Science",17,"Somewhat",1,20,25,NA
"Female",24623.721561524,32,7.79999995231626,5,22,1,"Science",16,"Yes",0,24,24,NA
"Female",13161.5461852455,34,8.19999992847442,3,9,1,"Science",NA,"Yes",1,19,24,24168.4368445927
"Female",23496.189702526,46,8.79999995231626,5,63,1,"Art",17,NA,0,23,27,19123.6399903796
"Female",11953.9568732519,40,8.09999990463258,4,18,2,"Science",20,NA,0,23,25,19477.1710118018
"Female",17779.48,32,NA,3,18,1,"Science",NA,"Yes",0,17,25,NA
"Female",41871.3934201519,30,NA,NA,NA,NA,"Science",NA,NA,NA,NA,26,19864.6759943691
"Male",5946.62051589964,28,NA,3,9,1,"Science",17,"No",3,23,26,14810.9651800536
"Male",28261.96,33,NA,4,27,1,"Science",20,"Somewhat",0,19,27,NA
"Male",31707.124272377,38,NA,NA,NA,NA,"Science",NA,NA,0,NA,26,NA
"Male",17513.9133462165,34,NA,NA,NA,NA,"Science",NA,NA,NA,NA,25,NA
"Male",24791.9094879855,38,7.19999998807905,3,18,1,"Science",NA,"Somewhat",0,18,24,22984.7302181565
"Male",42151.26,35,6.69999998807905,3,5,1,"Science",15,"Somewhat",0,18,24,21121.5443688159
"Female",17779.48,32,NA,3,13,1,"Science",NA,"Yes",0,25,25,21062.3422187015
"Female",19599.9481981187,34,NA,3,13,1,"Science",21,"No",0,24,24,39438.3868759597
"Female",11174.74,47,NA,NA,9,1,"Science",NA,"No",3,19,26,NA
"Female",25519.1540820051,41,NA,4,27,1,"Science",19,"Somewhat",0,NA,24,NA
"Male",22435.7648261862,37,NA,4,27,1,"Science",NA,"Yes",4,22,24,22984.7302181565
"Female",20045.48,38,NA,4,18,2,"Science",19,"Yes",0,22,23,NA
"Female",30751.6486621492,39,9,7,45,1,"Science",NA,"Yes",NA,22,26,NA
"Male",18668.1870855219,28,5.89999997615816,3,18,1,"Science",17,"No",0,20,26,18294.6417008509
"Male",34377.7803566593,28,6.5,NA,NA,0,"Science",NA,NA,NA,17,25,NA
"Female",18885.4858865101,31,6.19999998807905,3,27,1,"Science",16,"Yes",4,19,25,19618.280682103
"Male",22811.16,34,7.09999996423721,NA,NA,NA,"Science",NA,NA,NA,NA,26,7438.11104776032
"Female",12167.39,39,7.5,NA,NA,NA,"Science",NA,NA,NA,NA,26,NA
"Female",13646.77,23,7.89999997615816,NA,0,NA,"Science",NA,NA,2,NA,25,23975.3571050149
"Male",NA,40,8.09999990463258,7,36,1,"Science",NA,"Somewhat",0,25,26,15402.1457415658
"Male",16536.07,42,8.09999990463258,7,54,1,"Science",21,NA,3,NA,26,NA
"Female",23268.7996259501,36,7.79999995231626,NA,NA,0,"Science",NA,NA,NA,NA,27,16839.143385253
"Female",17165.09,40,8.89999997615816,NA,0,0,"Science",NA,"No",3,18,25,NA
"Male",NA,38,7.29999995231626,4,29,1,"Science",NA,"Yes",4,20,24,NA
"Female",16305.31,35,NA,NA,NA,NA,"Science",NA,NA,NA,NA,24,NA
"Male",22654.5773185126,40,NA,3,18,1,"Science",NA,"Somewhat",0,20,25,15297.1964754538
"Male",24817.6422407341,43,NA,3,45,2,"Art",NA,"No",1,21,27,10145.7684758642
"Female",5944.60226078211,33,6.69999998807905,NA,NA,NA,"Science",NA,NA,NA,NA,27,NA
"Female",5055.73,27,7.09999996423721,NA,NA,NA,"Science",NA,NA,NA,NA,24,17851.9710784042
"Male",42584.3420404223,42,8,7,63,1,"Science",19,"Yes",0,26,26,24015.8903952921
"Female",640.8,44,NA,NA,NA,NA,"Science",NA,NA,NA,NA,27,NA
"Male",47084.55,42,8.59999990463258,7,45,1,"Science",NA,"Somewhat",0,NA,25,15504.7403767073
"Male",25922.4687296598,54,8.5,7,31,3,"Science",NA,"Somewhat",2,22,25,NA
"Female",17880.06,35,8,NA,NA,NA,"Science",NA,NA,NA,NA,25,19386.517719439
"Male",23712.48,31,7.5,3,27,1,"Art",NA,NA,0,NA,23,NA
"Male",40807.1002215035,42,NA,NA,NA,NA,"Science",NA,NA,NA,NA,24,NA
"Female",6263.99,38,8.5,NA,NA,NA,"Science",NA,NA,NA,NA,25,NA
"Female",5783.98279101137,32,7.89999997615816,NA,NA,NA,"Science",NA,NA,NA,NA,24,NA
"Female",13944.124607071,33,NA,4,24,1,"Science",17,"Somewhat",0,23,26,14008.7087708322
"Female",13614.98,34,7.5,NA,NA,0,"Science",NA,NA,NA,17,25,20930.8192602086
"Female",23592.39,38,8.59999990463258,4,27,1,"Art",20,NA,0,23,25,24162.718455093
"Male",11187.19,30,7.5,3,5,1,"Science",NA,"Yes",0,19,24,NA
"Female",17227.657495379,27,6.5,3,18,1,"Science",20,"Yes",3,21,24,NA
"Female",7824.9432786218,38,8,4,36,1,"Science",20,NA,2,22,25,NA
"Male",46929.8134964083,36,9.19999992847442,7,27,1,"Science",NA,"Somewhat",0,NA,25,23749.480719777
"Male",14127.449446914,18,NA,NA,0,NA,"Science",NA,"No",0,NA,26,NA
"Male",36699.9510573134,48,8.5,7,31,1,"Science",20,NA,0,NA,24,60382.6611702852
"Male",3588.12122312988,37,NA,NA,NA,NA,"Science",NA,NA,NA,NA,26,NA
"Female",6759.98,33,7,3,18,1,"Science",16,"No",0,19,25,NA
"Male",11927.89,30,7.5,NA,NA,NA,"Science",NA,NA,NA,NA,26,15761.3951524876
"Male",20841.5114712575,41,7.5,4,27,1,"Science",20,"Yes",0,23,24,NA
"Male",17130.4448738843,31,7.19999998807905,NA,NA,NA,"Science",NA,NA,NA,NA,27,17568.5744223165
"Female",21548.57,37,7.29999995231626,3,18,1,"Science",NA,"Somewhat",0,21,27,22046.9143402072
"Female",13843.7164149734,37,9,NA,NA,NA,"Science",NA,NA,NA,NA,26,20372.4353443564
"Female",13458.5660633766,42,7.79999995231626,4,27,1,"Science",20,"No",0,NA,25,21942.1332620216
"Male",22005.5401102976,30,NA,NA,NA,NA,"Science",NA,NA,NA,NA,26,13610.7761368242
"Female",12326.32,44,8.29999995231626,NA,NA,NA,"Science",NA,NA,NA,NA,27,NA
"Male",25996.98,39,7.39999997615816,5,27,1,"Science",NA,"Yes",0,22,25,NA
"Female",19561.7695388119,27,NA,4,32,2,"Science",24,NA,0,NA,27,19831.0384090768
"Female",9776.76,27,7.5,3,18,1,"Science",19,NA,3,NA,26,NA
"Female",2476.06265336636,28,6.79999995231626,NA,NA,0,"Science",NA,NA,NA,18,25,26005.7217532582
"Female",8075.87966490238,44,7,4,36,2,"Science",NA,"Somewhat",0,24,26,NA
"Male",22654.5773185126,34,7.19999998807905,NA,NA,NA,"Science",NA,NA,NA,NA,26,NA
"Male",22694.1014812311,33,6.19999998807905,3,18,1,"Science",16,"Yes",1,18,27,10145.7684758642
"Female",15308.6332544532,41,8.09999990463258,NA,NA,0,"Science",NA,NA,NA,NA,26,NA
"Female",10055.1151835014,47,8.5,NA,0,NA,"Science",NA,"No",0,20,25,28293.5821169141
"Female",19743.41,32,NA,7,45,2,"Art",NA,NA,0,NA,25,NA
"Female",11246.22,23,NA,4,27,1,"Science",24,NA,4,NA,24,NA
"Male",21886.6312462894,37,8.19999992847442,5,54,1,"Art",NA,"Somewhat",0,27,25,NA
"Female",7053.46525994285,33,NA,NA,18,1,"Science",NA,NA,1,21,27,NA
"Female",22670.7233594529,40,NA,NA,NA,0,"Science",NA,NA,NA,20,25,20332.574805785
"Male",NA,37,7.29999995231626,NA,NA,NA,"Science",NA,NA,NA,NA,26,31331.2242567355
"Male",22404.8182477173,34,7.19999998807905,3,36,2,"Science",NA,"Yes",3,20,24,NA
"Female",9745.64939881226,39,7.59999996423721,NA,0,NA,"Science",NA,NA,0,NA,23,NA
"Male",23892.4404572693,29,6.29999995231626,NA,NA,NA,"Science",NA,NA,NA,NA,25,20424.7417894859
"Male",19170.7326097889,38,8.19999992847442,3,18,1,"Science",NA,"Somewhat",3,NA,26,NA
"Male",23012.9857898021,NA,NA,NA,NA,NA,"Science",NA,NA,NA,NA,NA,NA
"Male",25644.6222751454,32,7.69999998807905,5,27,1,"Science",16,NA,0,24,27,NA
"Male",28261.96,44,8.5,7,40,1,"Art",NA,"Yes",0,24,26,28618.1848149848
"Male",23486.9393665706,39,8.79999995231626,6,30,1,"Art",NA,"Yes",0,22,25,17420.5690470304
"Female",8075.87966490238,44,NA,7,63,1,"Science",20,"Somewhat",0,NA,25,16292.532624253
"Female",23876.97,NA,NA,NA,NA,NA,"Science",NA,NA,NA,NA,NA,NA
"Female",43196.21,39,NA,5,45,1,"Science",19,"Yes",0,20,25,NA
"Male",25557.5,54,NA,3,30,2,"Science",NA,"Yes",0,21,26,NA
"Male",19975.5118379072,38,8,4,27,1,"Science",20,"Yes",0,23,25,NA
"Male",24068.5332162745,25,NA,3,27,1,"Science",15,"Yes",0,21,23,NA
"Male",NA,37,6.89999997615816,NA,NA,NA,"Science",NA,NA,NA,NA,26,28584.2108538396
"Female",46171.62,42,NA,5,27,1,"Science",20,"Yes",0,24,27,23275.1907671556
"Female",15430.4,35,7.5,4,27,1,"Science",23,NA,3,22,25,24162.718455093
"Female",13869.9537315014,36,NA,NA,NA,NA,"Science",NA,NA,NA,NA,26,NA
"Female",2476.06265336636,42,7.79999995231626,4,36,1,"Science",16,NA,NA,24,27,10935.9153543804
"Female",12453.48,39,NA,3,18,1,"Science",NA,"Yes",0,23,25,21181.2510827098
"Male",20559.628506508,31,6.5,NA,NA,NA,"Science",NA,NA,NA,NA,24,NA
"Female",8043.92395887469,37,8.69999992847442,3,18,1,"Science",17,"Yes",NA,NA,25,NA
"Female",6759.98,32,6.5,3,18,1,"Science",NA,NA,0,NA,24,NA
"Male",26553.005265964,35,7.5,NA,NA,NA,"Science",NA,NA,NA,NA,25,17718.2616768672
"Male",40807.1002215035,34,NA,NA,NA,NA,"Science",NA,NA,NA,NA,27,23275.1907671556
"Male",15994.17,40,8,7,53,1,"Art",19,"Yes",2,NA,25,23886.3856919167
"Female",15335.38,31,6.39999997615816,3,18,1,"Science",NA,"Somewhat",0,18,26,12521.7593129859
"Female",21030.2183247473,32,8.19999992847442,7,36,1,"Art",NA,NA,0,24,24,NA
"Female",12326.32,NA,NA,NA,NA,NA,"Science",NA,NA,0,NA,NA,NA
"Female",2205.61646761626,25,7.19999998807905,3,9,1,"Science",20,NA,0,23,27,NA
"Male",25996.98,38,8.29999995231626,3,18,1,"Science",16,"Yes",0,18,24,19156.2684481132
"Male",22654.5773185126,34,6.19999998807905,3,30,1,"Science",NA,"Yes",0,20,25,15297.1964754538
"Male",30548.982210763,40,7.79999995231626,6,22,1,"Science",NA,"No",0,25,25,NA
"Female",NA,39,7.09999996423721,4,36,1,"Science",NA,NA,4,NA,25,NA
"Male",16809.0377464163,34,7.69999998807905,3,27,1,"Science",16,"Yes",0,17,24,17454.7111961021
"Male",6889.15,32,6.59999996423721,NA,NA,NA,"Science",NA,NA,NA,NA,27,14682.8059800899
"Female",8765.28197546811,34,8.39999997615816,NA,9,1,"Science",NA,"Yes",0,18,26,16094.9118106608
"Male",9706.96617572611,21,6.89999997615816,NA,NA,NA,"Science",NA,NA,NA,NA,24,NA
"Female",42473.84,39,9.29999995231626,7,66,1,"Science",19,"Yes",0,NA,25,NA
"Female",NA,31,NA,4,27,1,"Science",NA,"Yes",0,19,24,111901.482240195
"Female",19599.9481981187,32,NA,NA,NA,NA,"Science",NA,NA,NA,NA,27,8588.34827683059
"Female",96472.5946183227,41,8.79999995231626,5,36,1,"Art",19,"Yes",0,23,25,28469.5066879929
"Male",19611.05,34,NA,3,18,1,"Science",19,"Yes",0,21,27,NA
"Male",13289.37,40,7.89999997615816,7,36,1,"Science",21,NA,1,NA,23,NA
"Male",15189.5562025184,35,NA,NA,0,NA,"Science",NA,"No",0,21,27,12924.9057727142
"Male",3828.12539419045,37,7.29999995231626,3,18,1,"Science",NA,"No",4,18,26,NA
